"","pos","name","team","floor_rank","ceiling_rank","tier","pos_ecr","overall_ecr","sd_pts"
"1","QB","Josh Allen","BUF",5,6,1,1.05,34.24,6.20912879999998
"2","RB","Jonathan Taylor","IND",1,1,1,1.17,1.17,1.18608000000002
"3","WR","Cooper Kupp","LAR",4,3,1,2.18,11.67,4.03267199999996
"4","WR","Justin Jefferson","MIN",9,10,1,1.63,10.6,12.928272
"5","TE","Travis Kelce","KCC",10,9,1,1.78,16.68,4.71466799999997
"6","K","Justin Tucker","BAL",79,78,1,1.96,174.48,5.88147420000002
"7","K","Evan McPherson","CIN",95,84,1,4.5,202.34,6.27881099999998
"8","K","Daniel Carlson","LVR",96,72,1,5.84,204.07,9.32244053999997
"9","K","Matt Gay","LAR",94,93,1,4.82,193.75,7.8978102
"10","DST","Tampa Bay Buccaneers","TBB",89,116,1,3.4,150.23,0.444780000000017
"11","QB","Patrick Mahomes","KCC",15,17,2,3.55,52.54,8.14243919999994
"12","RB","Derrick Henry","TEN",2,2,2,3.79,4.01,2.59455
"13","WR","Deebo Samuel","SFO",12,11,2,5.85,19.07,2.49076799999997
"14","TE","Mark Andrews","BAL",16,12,2,1.4,14.84,12.098016
"15","K","Tyler Bass","BUF",103,88,2,3.2,185.23,9.12392039999995
"16","DST","Buffalo Bills","BUF",115,87,2,2.1,145.85,12.30558
"17","QB","Justin Herbert","LAC",23,32,3,2.76,46.49,2.03412719999994
"18","QB","Lamar Jackson","BAL",30,34,3,4.09,55.54,11.7006791999999
"19","QB","Kyler Murray","ARI",31,45,3,5.42,63.53,1.70499000000005
"20","RB","Austin Ekeler","LAC",3,5,3,4.49,4.65,0.830255999999961
"21","WR","Ja'Marr Chase","CIN",11,19,3,2.5,12.42,1.73464199999998
"22","K","Harrison Butker","KCC",88,98,3,6.31,214.4,3.79343415176923
"23","K","Rodrigo Blankenship","IND",117,103,3,12.03,233.25,7.74510239999998
"24","TE","Taysom Hill","NOS",32,37,3,33.04,239.36,1.03782000000003
"25","TE","George Kittle","SFO",43,53,3,4.46,48.7,4.89257999999993
"26","DST","Pittsburgh Steelers","PIT",106,100,3,14.61,229.48,9.93342
"27","QB","Jalen Hurts","PHI",42,35,4,5.65,65.38,26.3873147999999
"28","QB","Aaron Rodgers","GBP",46,38,4,12.32,102.22,8.78292239999988
"29","RB","Christian McCaffrey","CAR",7,8,4,3,3.11,14.8111740000001
"30","WR","Davante Adams","LVR",18,16,4,5.64,18.39,13.432356
"31","WR","Stefon Diggs","BUF",25,27,4,5.42,18.05,6.59757000000003
"32","K","Greg Joseph","MIN",138,102,4,17.42,280.5,11.9691625528445
"33","K","Matt Prater","ARI",102,129,4,9.55,223.05,2.44503549230768
"34","K","Nick Folk","NEP",101,138,4,12.19,240.63,0.899433954555323
"35","K","Younghoe Koo","ATL",132,125,4,14.05,239.37,3.4855926
"36","K","Ryan Succop","TBB",116,136,4,7.96,216.37,0.899938199999999
"37","K","Chris Boswell","PIT",105,143,4,18.29,273.57,0.419271445525084
"38","K","Brandon McManus","DEN",130,139,4,12.21,243.15,0.562113153820779
"39","K","Jason Sanders","MIA",137,135,4,12.04,235.37,3.33436739999999
"40","K","Robbie Gould","SFO",135,133,4,14.57,248.77,5.96679194666664
"41","TE","Kyle Pitts","ATL",52,49,4,3.03,28.69,13.521312
"42","DST","Dallas Cowboys","DAL",103,103,4,9.76,198.38,6.96822
"43","QB","Tom Brady","TBB",38,65,5,8.69,82.46,0.358789200000028
"44","QB","Russell Wilson","DEN",63,46,5,8.77,83.54,13.5420684
"45","RB","Dalvin Cook","MIN",8,4,5,4.14,4.3,5.53009799999998
"46","RB","Joe Mixon","CIN",6,15,5,6.41,6.85,0
"47","WR","CeeDee Lamb","DAL",26,24,5,6.4,20.37,7.20543600000002
"48","K","Dustin Hopkins","LAC",125,132,5,14.35,256.33,5.64675756565073
"49","TE","Darren Waller","LVR",44,61,5,5.11,54.61,3.543414
"50","TE","Dallas Goedert","PHI",61,63,5,7.44,74.04,3.85476000000001
"51","DST","San Francisco 49ers","SFO",104,105,5,4.74,159.5,3.11346000000001
"52","DST","Los Angeles Rams","LAR",99,148,5,6.94,178.6,2.52041999999998
"53","QB","Dak Prescott","DAL",76,76,6,10.12,90.44,7.16095799999989
"54","RB","Najee Harris","PIT",13,13,6,7.83,9.44,0.0593039999999882
"55","RB","Alvin Kamara","NOS",14,21,6,9.78,13.63,2.12011800000001
"56","RB","Nick Chubb","CLE",21,7,6,9.43,11.92,5.44114200000007
"57","WR","Mike Evans","TBB",27,28,6,8.36,24.04,1.03782000000003
"58","K","Jake Elliott","PHI",171,137,6,15.31,252.6,17.95645695
"59","K","Mason Crosby","GBP",175,155,6,18.17,275.47,2.07246093567253
"60","K","Randy Bullock","TEN",158,164,6,23.26,298.01,8.37635054949492
"61","K","Wil Lutz","NOS",152,169,6,17.51,271.47,3.7129738495862
"62","K","Cairo Santos","CHI",147,174,6,25.06,300.14,1.12003898265731
"63","TE","Dalton Schultz","DAL",50,73,6,6.02,63.89,1.33434000000001
"64","DST","Los Angeles Chargers","LAC",110,119,6,9.98,197.98,3.26172
"65","DST","Minnesota Vikings","MIN",113,113,6,20.91,271.33,1.63086000000001
"66","DST","New Orleans Saints","NOS",127,117,6,7.77,176.37,11.71254
"67","QB","Joe Burrow","CIN",77,94,7,7.69,75.57,2.68054079999999
"68","RB","Leonard Fournette","TBB",17,18,7,12.7,21.38,1.95703200000003
"69","RB","James Conner","ARI",20,14,7,14.75,26.9,3.18759000000001
"70","RB","Aaron Jones","GBP",19,25,7,12.6,20.89,5.79696600000004
"71","WR","Tyreek Hill","MIA",33,39,7,9.63,26.05,10.126158
"72","WR","Tee Higgins","CIN",34,50,7,11.37,29.48,2.19424800000003
"73","WR","A.J. Brown","PHI",35,52,7,10.6,28.26,0.340998000000027
"74","WR","Keenan Allen","LAC",45,42,7,15.06,36.25,16.4123819999999
"75","WR","Mike Williams","LAC",39,54,7,15.17,36.33,1.18607999999997
"76","K","Graham Gano","NYG",166,170,7,22.25,291.26,1.51720043921662
"77","TE","Dawson Knox","BUF",78,68,7,9.28,91.46,12.00906
"78","DST","Green Bay Packers","GBP",134,122,7,11.22,206.4,12.75036
"79","TE","T.J. Hockenson","DET",80,106,7,8.15,80.31,1.12677599999999
"80","QB","Matthew Stafford","LAR",103,103,8,12.13,101.6,8.66431439999999
"81","RB","Saquon Barkley","NYG",24,22,8,10.32,15.03,9.16246799999997
"82","RB","Javonte Williams","DEN",22,31,8,12.53,20.49,0.859908000000019
"83","RB","D'Andre Swift","DET",28,26,8,11.13,16.69,13.373052
"84","WR","Michael Pittman","IND",41,55,8,12.99,32.57,2.37215999999999
"85","WR","Brandin Cooks","HOU",48,57,8,22.2,50.13,6.80513400000005
"86","WR","DK Metcalf","SEA",56,48,8,21.08,47.66,1.022994
"87","K","Joey Slye","WAS",159,196,8,27.2,318.3,2.15285374956643
"88","DST","Miami Dolphins","MIA",126,121,8,12.48,206.17,11.26776
"89","TE","Hunter Henry","NEP",98,95,8,13.88,122.16,10.882284
"90","TE","Zach Ertz","ARI",97,101,8,10.01,96.78,2.80211399999998
"91","QB","Kirk Cousins","MIN",90,97,9,13.81,110.81,8.26994279999996
"92","QB","Trey Lance","SFO",201,118,9,11.02,95.37,16.3945907999999
"93","RB","David Montgomery","CHI",29,23,9,20.5,45.96,2.28320400000003
"94","WR","Gabriel Davis","BUF",55,56,9,21.66,49.82,7.33886999999998
"95","WR","Chris Godwin","TBB",74,67,9,29.39,66.66,0.741300000000042
"96","WR","D.J. Moore","CAR",54,75,9,15.1,36.31,2.14976999999994
"97","WR","Diontae Johnson","PIT",57,81,9,21.57,48.93,3.43963200000003
"98","WR","Jaylen Waddle","MIA",62,60,9,21.37,48.31,0.0741300000000168
"99","WR","Allen Robinson","LAR",84,66,9,23.56,53.84,9.78515999999999
"100","WR","Terry McLaurin","WAS",58,82,9,18.39,42.27,1.18608000000006
"101","K","Austin Seibert","DET",186,191,9,28.48,323.48,6.71252279665378
"102","K","Brett Maher","DAL",204,166,9,20.45,287.32,24.8502111400651
"103","K","Eddy Pineiro","FA",207,199,9,30.75,329.4,2.86079520637473
"104","DST","Indianapolis Colts","IND",111,140,9,6.22,167.7,0.444780000000017
"105","TE","Mike Gesicki","MIA",103,103,9,17.09,140.52,1.95703200000001
"106","TE","David Njoku","CLE",120,99,9,17.13,142.99,7.07200199999999
"107","TE","Noah Fant","SEA",118,126,9,20.05,155.47,0.548562000000007
"108","TE","Irv Smith Jr.","MIN",109,153,9,NA,NA,1.40847
"109","QB","Derek Carr","LVR",136,179,10,14.12,111.97,1.86807600000007
"110","QB","Ryan Tannehill","TEN",162,206,10,21.59,155.44,3.96447239999997
"111","RB","Cam Akers","LAR",49,20,10,20.59,46.95,18.873498
"112","RB","Josh Jacobs","LVR",36,29,10,23.99,58.82,7.17578399999996
"113","RB","Damien Harris","NEP",40,33,10,26.1,65.56,10.97124
"114","RB","Ezekiel Elliott","DAL",47,30,10,16,30.8,28.347312
"115","WR","Michael Thomas","NOS",68,70,10,31.38,71.56,6.67169999999996
"116","WR","Courtland Sutton","DEN",67,74,10,15.13,36.52,4.37366999999998
"117","WR","Darnell Mooney","CHI",73,64,10,26.49,59.72,0.16308600000002
"118","WR","Adam Thielen","MIN",82,58,10,33.05,75.49,6.28622399999997
"119","WR","Marquise Brown","ARI",69,90,10,24.31,55.49,0.26686800000001
"120","WR","Amari Cooper","CLE",85,59,10,30.56,68.49,0.133434000000005
"121","WR","Tyler Lockett","SEA",87,79,10,39.1,88.98,8.569428
"122","K","Jason Myers","SEA",211,207,10,23.76,291.67,4.37329980367197
"123","K","Ka'imi Fairbairn","HOU",197,216,10,26.04,307.2,5.87077229324008
"124","DST","Kansas City Chiefs","KCC",121,147,10,13.85,214.15,1.48260000000002
"125","TE","Pat Freiermuth","PIT",122,131,10,13.21,118.37,4.284714
"126","TE","Gerald Everett","LAC",129,149,10,19.65,156.84,0.889559999999991
"127","TE","Tyler Higbee","LAR",133,158,10,20.21,157.23,1.33433999999999
"128","QB","Tua Tagovailoa","MIA",164,221,11,17.1,124.83,6.81995999999991
"129","RB","Elijah Mitchell","SFO",37,36,11,20.63,47.3,3.48411000000003
"130","RB","J.K. Dobbins","BAL",51,51,11,23.12,55.78,3.85476000000003
"131","RB","Travis Etienne","JAC",53,44,11,20.59,46.44,15.315258
"132","RB","Devin Singletary","BUF",66,41,11,32.72,89.09,9.10316399999998
"133","WR","Amon-Ra St. Brown","DET",92,91,11,32.01,72.94,6.44930999999999
"134","WR","JuJu Smith-Schuster","KCC",86,71,11,31.55,72.05,3.36550200000001
"135","WR","Jerry Jeudy","DEN",100,86,11,26.09,58.75,11.890452
"136","WR","Allen Lazard","GBP",103,80,11,35.35,81.43,16.16034
"137","WR","Robert Woods","TEN",83,115,11,42.53,99.19,1.77911999999998
"138","K","Greg Zuerlein","NYJ",191,222,11,19.97,266.94,2.71909617587415
"139","K","Riley Patterson","FA",225,217,11,30.04,328,3.16170381340732
"140","DST","New England Patriots","NEP",131,161,11,8.52,180.88,4.74432000000002
"141","TE","Cole Kmet","CHI",148,144,11,12.72,116.92,12.868968
"142","TE","Logan Thomas","WAS",139,159,11,23.63,186.97,3.869586
"143","TE","Albert Okwuegbunam","DEN",142,162,11,16.59,137.97,4.40332200000002
"144","QB","Jameis Winston","NOS",192,184,12,19.9,144.71,22.7282580000001
"145","RB","Antonio Gibson","WAS",72,40,12,25.94,65.85,11.371542
"146","RB","Rashaad Penny","SEA",71,43,12,28.08,73.34,7.20543599999998
"147","RB","Clyde Edwards-Helaire","KCC",70,47,12,29,76.49,5.75248799999995
"148","RB","Miles Sanders","PHI",59,77,12,29.77,79.3,5.63387999999993
"149","RB","Dameon Pierce","HOU",65,62,12,29.91,80.27,9.97789800000007
"150","RB","AJ Dillon","GBP",60,83,12,22.33,52.93,5.29288200000003
"151","WR","Rashod Bateman","BAL",93,110,12,29.18,65.76,5.48562000000007
"152","WR","Elijah Moore","NYJ",163,104,12,29.32,66.31,2.56489800000003
"153","WR","Christian Kirk","JAC",119,123,12,40.54,93.82,10.30407
"154","WR","Hunter Renfrow","LVR",114,142,12,41.35,95.68,1.88290200000002
"155","WR","Chase Claypool","PIT",128,103,12,48.3,115.1,7.39817400000001
"156","K","Cade York","CLE",239,215,12,24.62,305.51,13.4852792947826
"157","DST","Chicago Bears","CHI",143,130,12,23.06,285.54,6.07865999999997
"158","DST","Cleveland Browns","CLE",149,141,12,14.17,221.07,16.75338
"159","TE","Robert Tonyan","GBP",141,167,12,19.47,156.37,2.98002600000001
"160","QB","Matt Ryan","IND",181,240,13,20.2,145.73,7.70062439999998
"161","RB","Breece Hall","NYJ",64,69,13,19.5,42.47,1.245384
"162","RB","Cordarrelle Patterson","ATL",75,85,13,35.02,96.37,10.867458
"163","WR","Brandon Aiyuk","SFO",112,124,13,33.38,76.29,0.874733999999984
"164","WR","Marvin Jones","JAC",165,127,13,72.8,200.92,5.63388000000002
"165","WR","DeVonta Smith","PHI",156,111,13,35.08,79.18,21.94248
"166","WR","DeVante Parker","NEP",146,112,13,57.44,146.33,15.41904
"167","WR","Drake London","ATL",123,160,13,38.62,88.51,3.11345999999999
"168","DST","Arizona Cardinals","ARI",157,128,13,18.79,245.88,22.53552
"169","DST","Washington Commanders","WAS",144,150,13,21.78,288.56,6.96821999999998
"170","K","Quinn Nordin","NEP",218,269,13,33.25,321.17,NA
"171","K","James McCourt","JAC",266,325,13,31.38,336,NA
"172","TE","Evan Engram","JAC",178,152,13,21.84,168.92,22.01661
"173","TE","Austin Hooper","TEN",180,156,13,22.36,175.76,20.430228
"174","QB","Trevor Lawrence","JAC",282,219,14,18.52,132.34,18.6659339999999
"175","QB","Mac Jones","NEP",308,296,14,23.39,167.11,4.80658920000003
"176","QB","Carson Wentz","WAS",287,303,14,24.93,179.54,16.219644
"177","RB","Chase Edmonds","MIA",81,109,14,29.35,77.67,4.59605999999999
"178","RB","Kareem Hunt","CLE",108,92,14,32.95,89.01,14.67774
"179","RB","Rhamondre Stevenson","NEP",91,103,14,31.52,85.12,9.62207400000001
"180","RB","Melvin Gordon","DEN",103,96,14,35.39,97.91,11.56428
"181","RB","Tony Pollard","DAL",124,107,14,33,89.54,1.97185800000002
"182","WR","Michael Gallup","DAL",150,134,14,56,141.96,15.5673
"183","WR","DeAndre Hopkins","ARI",155,176,14,40.8,94.81,5.76731399999998
"184","WR","D.J. Chark","DET",179,89,14,58.13,147.78,6.879264
"185","DST","Cincinnati Bengals","CIN",145,151,14,18.01,254.79,7.413
"186","TE","Hayden Hurst","CIN",168,165,14,24.06,188.37,3.43963199999999
"187","TE","Cameron Brate","TBB",203,108,14,30.46,246.29,16.412382
"188","QB","Justin Fields","CHI",288,272,15,17.46,127.54,22.061088
"189","RB","Kenneth Walker III","SEA",107,114,15,NA,NA,13.71405
"190","RB","Michael Carter","NYJ",153,178,15,41.56,118.72,2.17942200000002
"191","WR","Corey Davis","NYJ",177,120,15,67.32,181.93,11.504976
"192","WR","Tyler Boyd","CIN",160,195,15,52.75,130.9,3.7065
"193","WR","Mecole Hardman","KCC",169,188,15,69.24,188.73,6.73100400000001
"194","WR","Kendrick Bourne","NEP",208,146,15,80.61,223.91,33.3585
"195","WR","Jakobi Meyers","NEP",173,203,15,57.25,145.69,2.60937600000001
"196","WR","Marquez Valdes-Scantling","KCC",199,186,15,52.19,127.81,3.00967800000002
"197","DST","Tennessee Titans","TEN",140,173,15,18.54,253.98,1.18608000000002
"198","WR","Treylon Burks","TEN",205,177,15,47.05,112.49,10.00755
"199","TE","Isaiah Likely","BAL",198,175,15,34.91,272.13,21.356853
"200","TE","Brevin Jordan","HOU",182,235,15,26.16,215.03,0.444780000000006
"201","TE","Mo Alie-Cox","IND",189,226,15,26.79,219.61,5.76731400000001
"202","TE","C.J. Uzomah","NYJ",200,232,15,33.97,270.88,0.296519999999994
"203","QB","Daniel Jones","NYG",290,282,16,23.09,165.29,15.300432
"204","QB","Jared Goff","DET",332,323,16,24.9,182.01,21.6548555999999
"205","RB","James Robinson","JAC",161,163,16,43.67,126.34,13.506486
"206","DST","Denver Broncos","DEN",176,154,16,8.14,175.72,16.60512
"207","WR","Kadarius Toney","NYG",212,183,16,46.33,109.4,12.00906
"208","WR","Robbie Anderson","CAR",170,223,16,69.63,191.57,0.88955999999997
"209","WR","Kenny Golladay","NYG",223,185,16,62.38,161.75,12.6021
"210","WR","Jarvis Landry","NOS",174,225,16,60.45,156.83,0.741299999999979
"211","WR","K.J. Osborn","MIN",195,192,16,69.21,189.8,16.501338
"212","WR","Russell Gage","TBB",210,208,16,55.1,138.21,3.82510800000002
"213","WR","Chris Olave","NOS",220,210,16,45.45,107.36,8.25808200000001
"214","TE","Adam Trautman","NOS",206,194,16,30.88,249.41,1.304688
"215","TE","Daniel Bellinger","NYG",227,214,16,34.62,271.1,18.97728
"216","QB","Davis Mills","HOU",397,276,17,26.93,203.08,42.5031768000001
"217","QB","Baker Mayfield","CAR",324,353,17,25.74,194.47,9.87411599999995
"218","RB","Kenneth Gainwell","PHI",196,201,17,47.26,138.89,18.176676
"219","RB","Darrell Henderson","LAR",185,230,17,40.42,115.07,7.59091200000001
"220","RB","Darrel Williams","ARI",270,190,17,61.8,199.53,20.0151
"221","DST","Baltimore Ravens","BAL",167,172,17,12.99,223.8,2.81694000000001
"222","WR","Donovan Peoples-Jones","CLE",190,198,17,77.67,216.37,0.222390000000029
"223","WR","Nico Collins","HOU",230,202,17,63.15,170.47,27.858054
"224","WR","Bryan Edwards","ATL",232,145,17,91.67,257.58,11.801496
"225","WR","Van Jefferson","LAR",194,250,17,70.13,191.5,0.593039999999987
"226","WR","Jalen Tolbert","DAL",213,229,17,72.32,197.42,15.033564
"227","WR","George Pickens","PIT",261,187,17,56.77,147.37,35.43414
"228","WR","Sterling Shepard","NYG",214,205,17,84.88,236.36,0.726473999999992
"229","WR","Jahan Dotson","WAS",260,211,17,62.45,165.25,25.27833
"230","WR","Rondale Moore","ARI",209,234,17,61.36,160.49,3.246894
"231","WR","Garrett Wilson","NYJ",302,204,17,52.93,129.6,19.79271
"232","TE","Foster Moreau","LVR",222,220,17,40.67,310.46,15.285606
"233","TE","Kyle Rudolph","TBB",242,213,17,34.83,271.93,27.813576
"234","TE","Harrison Bryant","CLE",217,231,17,37.08,294.51,4.951884
"235","TE","Tyler Conklin","NYJ",215,246,17,34.59,275.61,7.36852199999999
"236","QB","Marcus Mariota","ATL",320,399,18,28.1,226.08,7.32404399999995
"237","QB","Mitchell Trubisky","PIT",374,377,18,NA,NA,18.740064
"238","RB","Jamaal Williams","DET",187,242,18,48.62,143.13,3.40997999999997
"239","DST","Carolina Panthers","CAR",183,157,18,20.91,266.42,16.45686
"240","RB","Alexander Mattison","MIN",216,236,18,45.71,132.17,14.588784
"241","RB","Raheem Mostert","MIA",234,239,18,47.74,140.93,10.481982
"242","RB","Rex Burkhead","HOU",228,238,18,70.95,242.58,19.688928
"243","RB","James Cook","BUF",272,237,18,42.32,120.46,10.022376
"244","RB","J.D. McKissic","WAS",241,209,18,53.55,163.82,14.67774
"245","RB","Nyheim Hines","IND",226,247,18,48.17,140.84,5.45596800000001
"246","WR","Marquez Callaway","NOS",321,193,18,94.6,265.84,24.01812
"247","WR","Isaiah McKenzie","BUF",252,228,18,77.42,212.38,16.3086
"248","WR","Julio Jones","TBB",245,224,18,60.32,156.98,22.698606
"249","WR","Skyy Moore","KCC",262,218,18,53.41,132.23,27.57636
"250","WR","Sammy Watkins","GBP",256,244,18,91.8,256.68,12.6021
"251","TE","Jonnu Smith","NEP",224,241,18,29.29,236.78,11.238108
"252","TE","Geoff Swaim","TEN",238,254,18,49.95,330.13,4.4478
"253","QB","Zach Wilson","NYJ",400,398,19,25.85,192.44,6.16465079999998
"254","DST","Houston Texans","HOU",151,171,19,30.16,328.53,3.26171999999998
"255","DST","Philadelphia Eagles","PHI",154,182,19,15.16,230.03,7.56125999999999
"256","RB","Mark Ingram","NOS",219,267,19,57.76,181.79,6.464136
"257","RB","Rachaad White","TBB",235,258,19,52.64,160.36,6.04900800000002
"258","RB","Jeffery Wilson","SFO",233,271,19,NA,NA,9.19212
"259","WR","Parris Campbell","IND",236,262,19,79.42,220.14,2.46111599999999
"260","WR","Randall Cobb","GBP",263,252,19,91.98,260.47,14.129178
"261","WR","A.J. Green","ARI",237,263,19,83.28,232.05,8.09499600000001
"262","WR","KJ Hamler","DEN",229,275,19,76.78,213.62,4.788798
"263","WR","Curtis Samuel","WAS",264,260,19,77.36,213.91,8.98455599999998
"264","WR","Nick Westbrook-Ikhine","TEN",254,270,19,93.41,263.28,8.12464799999998
"265","WR","Braxton Berrios","NYJ",275,233,19,93.63,263.81,20.578488
"266","WR","Cedrick Wilson","MIA",255,266,19,96.15,273.08,9.77033399999998
"267","TE","Paul Quessenberry","FA",221,284,19,NA,NA,NA
"268","TE","Donald Parham","LAC",240,290,19,40.17,306.27,2.37216000000001
"269","QB","Geno Smith","SEA",499,349,20,32.47,288.2,11.1876996000001
"270","DST","New York Giants","NYG",172,181,20,24.69,298.29,7.11648
"271","RB","Zamir White","LVR",269,243,20,55.52,172.64,10.481982
"272","RB","Brian Robinson","WAS",482,249,20,59.39,187.11,1.022994
"273","RB","Jerick McKinnon","KCC",280,248,20,70.2,237.75,13.091358
"274","RB","D'Onta Foreman","CAR",281,280,20,58.99,186.13,20.7564
"275","RB","Tyler Allgeier","ATL",491,200,20,50.08,150.58,59.867388
"276","RB","Khalil Herbert","CHI",293,302,20,48.17,142.81,15.611778
"277","RB","Dontrell Hilliard","TEN",315,301,20,79.57,272.57,17.19816
"278","WR","Devin Duvernay","BAL",247,285,20,98.71,281.25,8.984556
"279","WR","Byron Pringle","CHI",259,281,20,90.2,253.99,12.201798
"280","WR","Zay Jones","JAC",253,293,20,87.19,245.21,7.82812799999999
"281","WR","Josh Palmer","LAC",246,310,20,NA,NA,3.03933
"282","WR","Olamide Zaccheaus","ATL",277,286,20,108.6,305.47,13.93644
"283","TE","Dan Arnold","JAC",257,294,20,33.44,267.09,4.625712
"284","TE","John Bates","WAS",268,257,20,45.68,331.02,6.790308
"285","TE","Maxx Williams","ARI",283,255,20,65.56,367.2,20.356098
"286","TE","Kendall Blanton","FA",243,313,20,70.57,377,NA
"287","TE","Durham Smythe","MIA",251,299,20,56.12,366.56,2.060814
"288","TE","Tommy Tremble","CAR",273,291,20,38.06,297.07,9.444162
"289","TE","Ryan Griffin","CHI",274,274,20,59.52,359.6,12.6021
"290","TE","Jelani Woods","IND",344,245,20,43.17,320.12,36.264396
"291","TE","Will Dissly","SEA",267,306,20,49.55,343.7,1.63085999999999
"292","TE","Jordan Akins","FA",248,317,20,64.15,358,NA
"293","TE","O.J. Howard","FA",249,318,20,36.61,281.71,NA
"294","QB","Jacoby Brissett","CLE",590,594,21,32.47,284.49,4.27285320000005
"295","DST","New York Jets","NYJ",202,168,21,26.23,304.33,19.71858
"296","RB","Marlon Mack","FA",265,342,21,63.78,208.43,NA
"297","RB","Gus Edwards","BAL",271,331,21,59.16,188.2,3.43963200000001
"298","RB","Chuba Hubbard","CAR",372,298,21,69.48,230.86,31.1346
"299","WR","Jauan Jennings","SFO",289,309,21,111.67,317.9,2.07564000000001
"300","RB","Boston Scott","PHI",393,259,21,61.7,196.92,25.13007
"301","WR","Alec Pierce","IND",304,279,21,78.31,214.02,24.070011
"302","WR","Wan'Dale Robinson","NYG",258,329,21,75.69,209.64,NA
"303","RB","Damien Williams","ATL",429,256,21,70.22,237.4,49.044408
"304","RB","Matt Breida","NYG",329,337,21,75.9,263.79,14.573958
"305","WR","Nelson Agholor","NEP",309,277,21,95.25,267.55,20.726748
"306","WR","Jalen Guyton","LAC",300,307,21,107.57,306.27,16.60512
"307","WR","Quez Watkins","PHI",285,321,21,102.8,291.7,11.201043
"308","WR","Jamison Crowder","BUF",310,312,21,83.45,230.88,12.142494
"309","WR","Laviska Shenault","CAR",365,300,21,87.56,242.04,14.959434
"310","WR","Christian Watson","GBP",459,253,21,73.82,199.05,37.628388
"311","TE","Anthony Firkser","ATL",250,319,21,45.64,331.05,NA
"312","TE","Trey McBride","ARI",339,265,21,35.29,279.88,30.556386
"313","TE","Cade Otton","TBB",363,268,21,45.39,322.95,29.933694
"314","TE","Pharaoh Brown","HOU",279,327,21,49.13,343.88,4.403322
"315","QB","Deshaun Watson","CLE",591,596,22,30.47,259.5,25.0944875999999
"316","DST","Detroit Lions","DET",193,180,22,28.33,326.19,15.41904
"317","RB","Sony Michel","FA",314,324,22,59.55,188.51,0.103782000000011
"318","RB","Samaje Perine","CIN",331,343,22,69.55,234.39,11.71254
"319","RB","Myles Gaskin","MIA",412,305,22,77.74,264.51,39.629898
"320","RB","Isiah Pacheco","KCC",453,261,22,57.73,178.68,45.500994
"321","RB","Ronald Jones","KCC",380,308,22,61.63,199.82,9.37003200000001
"322","RB","Kenyan Drake","FA",369,326,22,70.37,235.3,7.63539000000001
"323","WR","Mack Hollins","LVR",373,251,22,119.5,311.71,21.097398
"324","WR","Josh Reynolds","DET",319,316,22,103.09,292.44,19.066236
"325","WR","Darius Slayton","NYG",383,264,22,109.95,302.41,30.17091
"326","WR","David Bell","CLE",385,297,22,84.8,233.28,27.961836
"327","WR","Quintez Cephus","DET",390,287,22,112.54,310.26,33.87741
"328","WR","Romeo Doubs","GBP",492,273,22,72.04,195.76,24.047772
"329","RB","Ty Johnson","NYJ",452,311,22,91.35,309.96,45.352734
"330","WR","Kalif Raymond","DET",404,322,22,134.74,356.13,10.67472
"331","TE","Marcedes Lewis","GBP",276,315,22,66.8,376,1.63086
"332","TE","Ian Thomas","CAR",278,335,22,53.46,354.33,3.617544
"333","TE","Brock Wright","DET",299,292,22,67.27,363.2,2.757636
"334","TE","Parker Hesse","ATL",326,328,22,76.78,NA,4.00302
"335","TE","Josiah Deguara","GBP",295,330,22,47.44,337.89,8.109822
"336","QB","Drew Lock","SEA",594,424,23,35.23,321.27,67.0224156
"337","DST","Jacksonville Jaguars","JAC",231,189,23,28.07,314.49,10.22994
"338","RB","Mike Davis","BAL",402,283,23,69.52,233.38,4.74431999999999
"339","RB","Hassan Haskins","TEN",471,289,23,76.9,267.39,39.407508
"340","WR","Deonte Harty","NOS",411,295,23,121.96,326.65,40.682544
"341","RB","Zack Moss","BUF",420,338,23,70.31,236.11,18.028416
"342","RB","Duke Johnson","FA",348,426,23,95.3,324.6,NA
"343","RB","Ameer Abdullah","LVR",394,404,23,80.39,266.1,9.799986
"344","WR","Jameson Williams","DET",381,334,23,73.17,197.98,22.883931
"345","WR","Chris Conley","FA",306,392,23,112.59,315.61,NA
"346","TE","Zach Gentry","PIT",292,314,23,64.76,380.4,0.415127999999996
"347","TE","Eric Saubert","DEN",340,320,23,82.4,NA,16.3086
"348","TE","Zach Davidson","FA",284,350,23,93.8,NA,NA
"349","TE","Devin Asiasi","FA",312,333,23,99.43,NA,11.467911
"350","TE","Kylen Granson","IND",303,332,23,46.18,339.2,0.889559999999997
"351","TE","Matt Bushman","FA",286,355,23,NA,NA,NA
"352","TE","Jake Ferguson","DAL",291,351,23,55.74,354.17,0.296519999999999
"353","TE","Tyler Kroft","FA",297,348,23,67,335,3.328437
"354","TE","Nick Boyle","BAL",298,345,23,71.13,336.5,2.209074
"355","TE","Chris Manhertz","JAC",311,340,23,83.33,NA,7.576086
"356","TE","Chris Myarick","NYG",305,346,23,93.88,NA,5.203926
"357","TE","Greg Dulcich","DEN",307,336,23,36.53,281.39,1.4826
"358","TE","Andrew Beck","DEN",377,278,23,89,NA,15.86382
"359","TE","Juwan Johnson","NOS",327,344,23,51.61,337.05,3.11346
"360","TE","Nick Muse","FA",294,361,23,NA,NA,NA
"361","TE","Kenny Yeboah","NYJ",296,363,23,114.33,NA,NA
"362","DST","Las Vegas Raiders","LVR",244,197,24,26.32,310.98,7.70951999999998
"363","QB","Andy Dalton","NOS",598,501,24,44.83,356.25,19.2322872
"364","QB","Kenny Pickett","PIT",592,599,24,33.02,301.11,3.321024
"365","RB","Brandon Bolden","LVR",428,341,24,98.03,314.58,13.12101
"366","WR","Tre'Quan Smith","NOS",472,304,24,107.33,292.55,47.873154
"367","WR","James Washington","DAL",403,357,24,115.31,335.12,21.282723
"368","RB","Craig Reynolds","DET",439,373,24,91.81,327.56,10.911936
"369","RB","Joshua Kelley","LAC",424,366,24,77.2,269.91,0.607866
"370","RB","D'Ernest Johnson","CLE",441,394,24,68.56,227.24,13.061706
"371","WR","Jamal Agnew","JAC",360,406,24,131.68,346.58,4.262475
"372","RB","Kyle Juszczyk","SFO",408,423,24,102.41,332.3,1.823598
"373","WR","James Proche","BAL",362,410,24,105.17,304.24,3.11346
"374","RB","Isaiah Spiller","LAC",489,395,24,56.33,174.93,32.216898
"375","WR","D'Wayne Eskridge","SEA",357,420,24,NA,NA,NA
"376","RB","Ke'Shawn Vaughn","TBB",409,434,24,77.45,272.56,2.357334
"377","WR","Terrace Marshall","CAR",395,402,24,91.87,252.36,10.00755
"378","RB","Tyler Goodson","FA",405,450,24,134.4,NA,NA
"379","WR","Chris Moore","HOU",396,409,24,136.07,348.75,9.140229
"380","WR","Cam Sims","WAS",427,389,24,144.46,379.2,21.846111
"381","WR","John Metchie","HOU",378,429,24,103.96,285.81,NA
"382","TE","Tommy Sweeney","BUF",342,288,24,91.5,NA,1.067472
"383","TE","James O'Shaughnessy","CHI",301,368,24,63.2,367.4,NA
"384","TE","Ko Kieft","TBB",313,356,24,110.5,NA,4.766559
"385","TE","Brycen Hopkins","LAR",335,354,24,65.21,371.4,1.289862
"386","TE","Nick Vannett","NOS",318,359,24,79.42,336.67,1.92738000000001
"387","TE","Jody Fortson","KCC",317,362,24,155.4,NA,2.66868
"388","TE","Noah Gray","KCC",328,365,24,59.11,366.1,1.92738
"389","TE","Blake Bell","KCC",347,358,24,72.07,365.2,2.950374
"390","TE","Jack Stoll","PHI",334,352,24,85.89,NA,7.902258
"391","TE","Drew Sample","CIN",322,370,24,62.06,373,1.734642
"392","TE","Grant Calcaterra","PHI",323,375,24,89.5,NA,3.676848
"393","TE","James Mitchell","DET",330,371,24,89.57,NA,5.026014
"394","TE","Peyton Hendershot","DAL",316,393,24,86,NA,NA
"395","TE","Ross Dwelley","SFO",349,347,24,73.13,350,9.370032
"396","DST","Seattle Seahawks","SEA",184,212,25,26.29,305.51,3.40998000000002
"397","DST","Atlanta Falcons","ATL",188,227,25,29.84,327.85,8.59908
"398","QB","Jimmy Garoppolo","SFO",606,581,25,35.82,316.53,7.4367216
"399","RB","Travis Homer","SEA",446,430,25,92.48,312.36,11.653236
"400","WR","Noah Brown","DAL",401,418,25,113.86,315.46,8.191365
"401","RB","J.J. Taylor","FA",415,464,25,115.33,392,NA
"402","RB","Anthony McFarland","PIT",417,466,25,102.92,353.18,NA
"403","RB","Justin Jackson","DET",418,467,25,87.97,302.06,NA
"404","RB","Dare Ogunbowale","HOU",423,460,25,111.18,314.67,1.71981599999999
"405","WR","Velus Jones","CHI",449,386,25,99.25,280.37,25.826892
"406","WR","Antoine Wesley","ARI",422,403,25,131.27,356.45,16.582881
"407","RB","Eno Benjamin","ARI",456,442,25,73.31,249.69,12.394536
"408","RB","Tyrion Davis-Price","SFO",447,444,25,64.3,210.51,7.413
"409","RB","Benny Snell","PIT",440,468,25,91.63,327.29,2.37216
"410","WR","Demarcus Robinson","BAL",419,425,25,118.21,331.63,11.252934
"411","RB","Trey Sermon","SFO",442,472,25,72.47,243.57,3.48411
"412","RB","Giovani Bernard","TBB",451,452,25,91.02,319.53,1.749468
"413","WR","Cyril Grayson","TBB",398,435,25,141.5,330.25,NA
"414","WR","Dez Fitzpatrick","FA",399,436,25,153.83,353.5,NA
"415","RB","Tyler Badie","FA",434,488,25,87.76,300,NA
"416","WR","Phillip Dorsett","HOU",444,419,25,135,339.6,16.842336
"417","WR","Rashard Higgins","CAR",416,431,25,112.7,316.56,7.33887
"418","RB","DeeJay Dallas","SEA",479,456,25,95.83,326.58,11.19363
"419","WR","Keke Coutee","IND",406,440,25,183.6,NA,1.578969
"420","WR","Breshad Perriman","TBB",414,433,25,143.9,345,5.626467
"421","RB","Jonathan Williams","WAS",537,451,25,139.88,319,18.584391
"422","TE","Luke Farrell","JAC",346,369,25,92.86,NA,4.07715
"423","TE","Tre' McKitty","LAC",337,367,25,69.05,348.33,2.757636
"424","TE","Charlie Woerner","SFO",366,339,25,81.78,NA,7.976388
"425","TE","Tanner Hudson","NYG",341,378,25,85.67,NA,5.404077
"426","TE","Ben Ellefson","MIN",338,388,25,80.7,NA,4.017846
"427","TE","Quintin Morris","BUF",368,360,25,95.33,NA,11.831148
"428","TE","Kevin Rader","FA",325,397,25,99.8,NA,NA
"429","TE","Chigoziem Okonkwo","TEN",354,376,25,60.37,361.5,8.00604
"430","TE","Johnny Mundt","MIN",367,381,25,69.7,372.67,5.203926
"431","TE","Stephen Sullivan","CAR",351,382,25,106,NA,7.368522
"432","TE","Jesper Horsted","LVR",356,364,25,108.6,NA,5.085318
"433","TE","Hunter Long","MIA",345,372,25,71.44,368.33,0.133434
"434","TE","MyCole Pruitt","FA",333,400,25,60.67,NA,NA
"435","TE","Cole Turner","WAS",366,379,25,68.7,377.6,9.162468
"436","TE","Armani Rogers","WAS",336,401,25,102.4,NA,NA
"437","TE","Teagan Quitoriano","HOU",386,391,25,85.8,NA,4.017846
"438","QB","Joe Flacco","NYJ",595,602,26,39.71,349.81,15.7837596
"439","QB","Tyler Huntley","BAL",600,597,26,41.41,365.91,8.435994
"440","WR","Zach Pascal","PHI",410,437,26,120.31,339.76,3.432219
"441","WR","Khalil Shakir","BUF",437,432,26,110.97,308.96,10.3782
"442","WR","Tutu Atwell","LAR",407,449,26,125.27,345.29,NA
"443","RB","Ty Montgomery","NEP",460,508,26,94.17,315.81,1.638273
"444","WR","Equanimeous St. Brown","CHI",421,445,26,117.45,331.6,2.37216
"445","WR","Ty Montgomery","NEP",413,454,26,94.17,315.81,NA
"446","RB","Jaylen Warren","PIT",569,439,26,78.97,265.18,26.449584
"447","WR","Tyler Johnson","FA",425,447,26,126.94,345.56,2.676093
"448","RB","Deon Jackson","IND",503,503,26,118.46,335.4,0.326172000000009
"449","RB","Jermar Jefferson","DET",467,523,26,112.89,366.57,0.956276999999999
"450","RB","Demetric Felton","CLE",501,483,26,114,330.63,8.836296
"451","RB","Demetric Felton","CLE",501,483,26,118.63,330.63,8.836296
"452","RB","Qadree Ollison","FA",468,530,26,111.9,360.8,NA
"453","WR","Ben Skowronek","LAR",450,441,26,130.45,337.27,9.04386
"454","RB","Chris Evans","CIN",528,480,26,80.22,280.94,12.772599
"455","RB","Tony Jones","NOS",487,511,26,102.09,343,4.96671
"456","WR","Dyami Brown","WAS",433,453,26,109.58,306.84,3.765804
"457","WR","Calvin Austin III","PIT",426,463,26,116.61,331.73,NA
"458","WR","Amari Rodgers","GBP",525,421,26,116.2,328.32,26.078934
"459","RB","JaMycal Hasty","FA",521,524,26,118.47,339.6,0
"460","RB","Salvon Ahmed","MIA",565,457,26,89.56,310.26,21.608895
"461","WR","Damiere Byrd","ATL",431,461,26,147.43,374.5,1.4826
"462","WR","Jalen Reagor","PHI",448,448,26,110.04,303.33,6.330702
"463","WR","Marquise Goodwin","SEA",435,462,26,161.13,NA,2.172009
"464","RB","Patrick Taylor","FA",481,538,26,127.71,375,NA
"465","RB","Michael Burton","KCC",558,479,26,133.6,NA,16.167753
"466","WR","Lynn Bowden","FA",430,471,26,186.57,NA,NA
"467","WR","Cody Hollister","FA",430,471,26,199,NA,NA
"468","WR","DeAndre Carter","LAC",478,438,26,165.71,NA,14.166243
"469","RB","Mike Boone","DEN",543,470,26,105.31,338.17,5.974878
"470","WR","Erik Ezukanma","MIA",432,475,26,138.35,354,NA
"471","RB","Royce Freeman","HOU",485,542,26,122.79,299.67,0.348411000000002
"472","RB","Darrynton Evans","FA",490,550,26,91.82,315.68,NA
"473","RB","Jerome Ford","CLE",581,498,26,93.74,322.59,10.763676
"474","RB","Zander Horvath","LAC",575,485,26,136.6,NA,19.318278
"475","RB","Tory Carter","TEN",497,561,26,136.4,NA,NA
"476","RB","Keaontay Ingram","ARI",500,563,26,93.22,319.29,NA
"477","RB","Kene Nwangwu","MIN",518,560,26,92.72,330.66,1.134189
"478","RB","Jordan Mason","SFO",568,505,26,96.07,261.33,14.203308
"479","RB","Antonio Williams","NYG",555,518,26,127,262.5,8.139474
"480","RB","Kyren Williams","LAR",563,515,26,83.18,293.19,13.113597
"481","RB","Darwin Thompson","FA",511,568,26,166,NA,NA
"482","RB","Patrick Ricard","BAL",566,496,26,125.5,329,9.755508
"483","TE","Tyler Davis","GBP",371,390,26,72.75,354,8.1543
"484","TE","John FitzPatrick","ATL",382,385,26,86.25,NA,10.608003
"485","TE","Ricky Seals-Jones","NYG",343,407,26,NA,NA,NA
"486","TE","Connor Heyward","PIT",384,384,26,90.33,NA,11.097261
"487","TE","Shane Zylstra","DET",375,374,26,92.67,NA,1.304688
"488","TE","Jeremy Ruckert","NYJ",389,383,26,57.5,360.33,8.317386
"489","TE","Josh Oliver","BAL",370,387,26,96.7,NA,0.133434
"490","TE","Reggie Gilliam","BUF",350,411,26,148.75,NA,NA
"491","TE","Colby Parkinson","SEA",359,408,26,83.55,NA,1.490013
"492","TE","Tyree Jackson","PHI",388,396,26,88.5,NA,8.984556
"493","TE","Jacob Hollister","LVR",352,412,26,98.5,NA,NA
"494","TE","Jason Croom","PHI",353,413,26,NA,NA,NA
"495","TE","Jared Pinkney","FA",355,414,26,102.67,NA,NA
"496","TE","Mitchell Wilcox","CIN",392,380,26,89.8,NA,4.344018
"497","TE","Colin Thompson","FA",358,415,26,128,NA,NA
"498","TE","Daniel Brown","NYJ",361,416,26,NA,NA,NA
"499","TE","Charlie Kolar","BAL",364,417,26,73.08,356.8,NA
"500","QB","Taylor Heinicke","WAS",608,598,27,46.86,361.67,3.5760312
"501","QB","Sam Darnold","CAR",612,600,27,39.56,334.57,14.7044268
"502","WR","Tyrie Cleveland","DEN",436,476,27,207.67,NA,NA
"503","WR","Demetric Felton","CLE",438,477,27,114,330.63,NA
"504","WR","Demetric Felton","CLE",438,477,27,118.63,330.63,NA
"505","WR","Kristian Wilkerson","NEP",443,482,27,192.25,NA,NA
"506","WR","Kyle Philips","TEN",486,443,27,102.27,284.51,13.439769
"507","WR","Jalen Nailor","MIN",445,484,27,161.5,NA,NA
"508","WR","Denzel Mims","NYJ",476,458,27,139.19,351.36,8.843709
"509","WR","Jeff Smith","NYJ",469,465,27,176.4,NA,7.020111
"510","WR","Trent Sherfield","MIA",483,459,27,147.56,368.25,9.696204
"511","WR","Ray-Ray McCloud","SFO",474,473,27,146.61,361,6.634635
"512","WR","Montrell Washington","DEN",513,446,27,160.89,372.8,15.367149
"513","RB","Rico Dowdle","DAL",560,522,27,114.82,371.83,9.132816
"514","WR","Ihmir Smith-Marsette","MIN",454,490,27,136.35,344.56,NA
"515","WR","Tylan Wallace","BAL",479,474,27,130.29,351.08,6.701352
"516","WR","Juwan Johnson","NOS",455,493,27,51.61,337.05,NA
"517","RB","Pierre Strong Jr.","NEP",580,516,27,NA,NA,16.23447
"518","RB","Ty Chandler","MIN",584,519,27,104.64,316,14.247786
"519","WR","Shi Smith","CAR",457,500,27,165.25,NA,NA
"520","WR","Bo Melton","FA",458,502,27,145.88,343,NA
"521","RB","C.J. Ham","MIN",548,569,27,128,387,3.002265
"522","RB","Trenton Cannon","FA",533,573,27,174,NA,NA
"523","RB","Dwayne Washington","NOS",547,570,27,132.86,343,2.794701
"524","WR","Anthony Schwartz","CLE",529,455,27,116.94,337.74,15.293019
"525","WR","Richie James","NYG",461,504,27,170,NA,NA
"526","WR","Greg Ward","FA",462,506,27,168,NA,NA
"527","WR","Samori Toure","GBP",463,507,27,186.86,NA,NA
"528","WR","Juwann Winfree","FA",464,509,27,190.2,NA,NA
"529","RB","Snoop Conner","JAC",585,529,27,86.84,307.83,15.441279
"530","WR","Tajae Sharpe","CHI",465,510,27,168.11,NA,NA
"531","WR","Tyron Johnson","LVR",475,499,27,155.38,356,2.164596
"532","WR","Trinity Benson","DET",466,512,27,198.33,NA,NA
"533","WR","Dax Milne","WAS",508,478,27,177.6,NA,9.444162
"534","WR","Ashton Dulin","IND",493,489,27,122.14,333.79,6.464136
"535","WR","Tre Nixon","FA",470,517,27,225.33,NA,NA
"536","WR","Dezmon Patmon","IND",480,513,27,149.3,379.5,1.519665
"537","WR","Kendall Hinton","FA",473,520,27,167.75,375.5,NA
"538","RB","Gary Brightwell","NYG",578,548,27,104.07,345.86,11.304825
"539","WR","DJ Turner","LVR",542,469,27,192.5,NA,14.67774
"540","WR","Andy Isabella","ARI",510,487,27,175.25,NA,8.361864
"541","RB","Julius Chestnut","TEN",588,491,27,126.2,352,9.177294
"542","RB","Trestan Ebner","CHI",583,562,27,96.34,324.92,10.845219
"543","RB","Jonathan Ward","ARI",556,577,27,125.71,321.67,NA
"544","RB","Jonathan Ward","ARI",556,577,27,126.5,321.67,NA
"545","RB","Trayveon Williams","CIN",557,578,27,119.09,368,NA
"546","RB","Jake Funk","LAR",559,582,27,115.13,362.4,NA
"547","RB","Kylin Hill","GBP",573,575,27,110.09,337,5.48562
"548","RB","Keith Smith","ATL",572,576,27,132.43,NA,5.077905
"549","RB","Jakob Johnson","LVR",561,583,27,137,NA,NA
"550","RB","Andrew Beck","DEN",562,584,27,89,NA,NA
"551","RB","Alec Ingold","MIA",567,580,27,122.4,377.5,2.00151
"552","RB","Giovanni Ricci","CAR",564,585,27,96.5,NA,NA
"553","RB","Justice Hill","BAL",582,579,27,107.9,350.55,4.922232
"554","RB","Khari Blasingame","CHI",570,588,27,142.6,NA,NA
"555","RB","Jason Cabinda","DET",570,588,27,NA,NA,NA
"556","TE","Eric Tomlinson","FA",391,405,27,100.6,NA,6.441897
"557","TE","Tanner Conner","MIA",376,422,27,248,NA,NA
"558","TE","Trevon Wesco","NYJ",379,427,27,83,NA,NA
"559","TE","Cethan Carter","MIA",387,428,27,102.4,NA,0.511497
"560","QB","Brandon Allen","CIN",593,606,28,52.33,NA,NA
"561","QB","Teddy Bridgewater","MIA",602,603,28,41.17,327.52,2.1853524
"562","QB","Desmond Ridder","ATL",628,601,28,35.99,330.25,8.094996
"563","WR","Nsimba Webster","FA",477,525,28,217.2,NA,NA
"564","WR","Dante Pettis","CHI",509,494,28,171.8,NA,6.827373
"565","WR","Simi Fehoko","DAL",534,486,28,140.6,327.2,10.741437
"566","WR","Danny Gray","SFO",523,492,28,109.83,309.89,7.917084
"567","WR","Dareke Young","SEA",541,481,28,197,NA,12.275928
"568","WR","Miles Boykin","PIT",484,526,28,145,370.8,1.415883
"569","WR","Trent Taylor","CIN",496,521,28,178,NA,3.506349
"570","WR","KhaDarel Hodge","ATL",532,495,28,162.33,357,8.591667
"571","WR","Mike Thomas","CIN",488,534,28,147.43,NA,NA
"572","WR","Tim Jones","JAC",530,514,28,139,NA,6.864438
"573","WR","C.J. Board","FA",494,537,28,178.8,NA,NA
"574","WR","Tyquan Thornton","NEP",552,497,28,112.18,307.71,10.311483
"575","WR","Jason Moore","FA",495,541,28,222,NA,NA
"576","WR","Penny Hart","SEA",517,535,28,199.17,NA,2.253552
"577","WR","N'Keal Harry","CHI",505,540,28,140.1,332.57,0.800603999999999
"578","WR","Travis Fulgham","FA",498,543,28,164.4,373,NA
"579","WR","Greg Dortch","ARI",502,544,28,182.33,NA,NA
"580","WR","Mike Strachan","IND",536,528,28,170.67,NA,5.641293
"581","WR","Racey McMath","TEN",522,536,28,187,NA,2.631615
"582","WR","Lil'Jordan Humphrey","FA",504,545,28,172.33,NA,NA
"583","WR","KaVontae Turpin","DAL",506,546,28,113.5,334.5,NA
"584","WR","Trenton Irwin","FA",507,547,28,223.5,NA,NA
"585","RB","Larry Rountree","LAC",571,589,28,105.71,353.64,NA
"586","WR","Malik Turner","SFO",512,551,28,178.6,NA,NA
"587","WR","Justin Watson","KCC",553,527,28,122.91,329.41,7.198023
"588","WR","Jalen Virgil","DEN",540,531,28,204.33,NA,5.693184
"589","WR","Dennis Houston","DAL",514,552,28,190.8,321.5,NA
"590","WR","Isaiah Coulter","FA",515,553,28,222.67,NA,NA
"591","WR","Jaelon Darden","TBB",516,554,28,163.54,NA,NA
"592","WR","David Sills","NYG",539,533,28,190,356.5,4.944471
"593","WR","Andre Roberts","CAR",546,532,28,190.67,NA,5.470794
"594","WR","Cameron Batson","FA",519,556,28,200.2,NA,NA
"595","WR","Cody Thompson","SEA",520,557,28,196.5,NA,NA
"596","WR","Jake Kumerow","BUF",524,555,28,182.33,NA,0.548561999999999
"597","RB","Reggie Gilliam","BUF",574,591,28,148.75,NA,NA
"598","RB","Adam Prentice","NOS",577,590,28,139.75,NA,0.326172000000001
"599","RB","Brittain Brown","LVR",576,592,28,160,NA,NA
"600","WR","Stanley Morgan","CIN",550,539,28,175.57,NA,4.974123
"601","RB","Derek Watt","PIT",586,587,28,150,NA,2.839179
"602","WR","Steven Sims","PIT",526,564,28,208.4,NA,NA
"603","WR","Josh Gordon","FA",527,565,28,149.4,368,NA
"604","RB","Mekhi Sargent","JAC",579,593,28,160.5,NA,NA
"605","WR","Jared Bernhardt","ATL",535,558,28,228.5,NA,1.593795
"606","WR","Marquez Stevenson","BUF",549,549,28,215.5,NA,3.684261
"607","WR","Lance McCutcheon","LAR",531,566,28,146.89,343.5,NA
"608","RB","Zonovan Knight","NYJ",589,586,28,128,NA,4.640538
"609","RB","Zonovan Knight","NYJ",589,586,28,143.5,NA,4.640538
"610","RB","Avery Williams","ATL",587,595,28,NA,NA,NA
"611","QB","Taysom Hill","NOS",596,610,29,33.04,239.36,NA
"612","QB","Tyrod Taylor","NYG",601,605,29,40.66,361.46,11.19363
"613","QB","Gardner Minshew","PHI",603,607,29,43.14,361.31,5.7702792
"614","QB","Trevor Siemian","CHI",609,604,29,58.09,NA,6.656874
"615","QB","Colt McCoy","ARI",605,608,29,50.88,NA,1.497426
"616","WR","Gunner Olszewski","PIT",545,559,29,175.29,NA,2.453703
"617","WR","Frank Darby","FA",538,571,29,214.67,NA,NA
"618","WR","Brandon Powell","LAR",544,567,29,193.2,NA,1.289862
"619","WR","Michael Woods","CLE",551,572,29,222,NA,NA
"620","WR","Matt Slater","NEP",554,574,29,NA,NA,NA
"621","QB","Shane Buechele","KCC",597,618,30,81.33,NA,NA
"622","QB","Brian Hoyer","NEP",615,609,30,57.6,NA,2.120118
"623","QB","Josh Johnson","FA",599,620,30,59.6,NA,NA
"624","QB","Jarrett Stidham","LVR",613,612,30,60.3,NA,3.2261376
"625","QB","Cooper Rush","FA",611,614,30,50.13,NA,4.692429
"626","QB","Nick Foles","IND",614,616,30,53,NA,3.1609032
"627","QB","Kyle Trask","TBB",604,622,30,53.94,NA,0
"628","QB","Jordan Love","GBP",610,621,30,47.6,NA,1.9481364
"629","QB","Case Keenum","BUF",616,617,30,49.68,NA,1.6960944
"630","QB","Mike White","NYJ",621,611,30,61.58,362.33,5.26323
"631","QB","Joshua Dobbs","CLE",626,613,30,67.17,NA,6.2832588
"632","QB","Blaine Gabbert","TBB",607,626,30,47.75,372.5,0.1541904
"633","QB","Kyle Allen","HOU",620,615,30,55.17,360.5,6.108312
"634","QB","Chad Henne","KCC",618,619,30,50.44,NA,3.914064
"635","QB","Malik Willis","TEN",619,625,30,40.09,334.09,2.4892854
"636","QB","Sam Howell","WAS",617,632,30,45.98,330.89,NA
"637","QB","C.J. Beathard","JAC",622,627,30,57.57,NA,1.6842336
"638","QB","Nate Sudfeld","SFO",627,628,30,65.33,NA,1.1060196
"639","QB","Chase Daniel","LAC",630,624,30,57.2,NA,4.0208112
"640","QB","John Wolford","LAR",633,623,31,50.06,NA,2.490768
"641","QB","Mason Rudolph","PIT",625,629,31,55.07,371.67,3.750978
"642","QB","Nick Mullens","MIN",629,631,31,58.85,NA,1.942206
"643","QB","Brett Rypien","DEN",632,630,31,64.75,NA,6.538266
"644","QB","Sean Mannion","FA",623,633,31,73.6,NA,NA
"645","QB","David Blough","DET",624,634,31,81.4,NA,NA
"646","QB","Sam Ehlinger","IND",631,635,31,71.75,NA,NA
"647","QB","Jared Bernhardt","ATL",631,635,31,228.5,NA,NA
